PRAGMA foreign_keys=OFF;
BEGIN TRANSACTION;
CREATE TABLE IF NOT EXISTS "django_migrations" ("id" integer NOT NULL PRIMARY KEY AUTOINCREMENT, "app" varchar(255) NOT NULL, "name" varchar(255) NOT NULL, "applied" datetime NOT NULL);
INSERT INTO django_migrations VALUES(1,'contenttypes','0001_initial','2025-02-25 09:15:53.507643');
INSERT INTO django_migrations VALUES(2,'contenttypes','0002_remove_content_type_name','2025-02-25 09:15:53.509491');
INSERT INTO django_migrations VALUES(3,'auth','0001_initial','2025-02-25 09:15:53.512272');
INSERT INTO django_migrations VALUES(4,'auth','0002_alter_permission_name_max_length','2025-02-25 09:15:53.513843');
INSERT INTO django_migrations VALUES(5,'auth','0003_alter_user_email_max_length','2025-02-25 09:15:53.515451');
INSERT INTO django_migrations VALUES(6,'auth','0004_alter_user_username_opts','2025-02-25 09:15:53.516573');
INSERT INTO django_migrations VALUES(7,'auth','0005_alter_user_last_login_null','2025-02-25 09:15:53.526113');
INSERT INTO django_migrations VALUES(8,'auth','0006_require_contenttypes_0002','2025-02-25 09:15:53.526773');
INSERT INTO django_migrations VALUES(9,'auth','0007_alter_validators_add_error_messages','2025-02-25 09:15:53.528274');
INSERT INTO django_migrations VALUES(10,'auth','0008_alter_user_username_max_length','2025-02-25 09:15:53.529681');
INSERT INTO django_migrations VALUES(11,'auth','0009_alter_user_last_name_max_length','2025-02-25 09:15:53.530991');
INSERT INTO django_migrations VALUES(12,'auth','0010_alter_group_name_max_length','2025-02-25 09:15:53.533539');
INSERT INTO django_migrations VALUES(13,'auth','0011_update_proxy_permissions','2025-02-25 09:15:53.535104');
INSERT INTO django_migrations VALUES(14,'auth','0012_alter_user_first_name_max_length','2025-02-25 09:15:53.536566');
INSERT INTO django_migrations VALUES(15,'staffs','0001_initial','2025-02-25 09:15:53.543054');
INSERT INTO django_migrations VALUES(16,'admin','0001_initial','2025-02-25 09:15:53.547165');
INSERT INTO django_migrations VALUES(17,'admin','0002_logentry_remove_auto_add','2025-02-25 09:15:53.551142');
INSERT INTO django_migrations VALUES(18,'admin','0003_logentry_add_action_flag_choices','2025-02-25 09:15:53.553459');
INSERT INTO django_migrations VALUES(19,'sessions','0001_initial','2025-02-25 09:15:53.554881');
INSERT INTO django_migrations VALUES(20,'staffs','0002_alter_document_options_remove_document_is_received_and_more','2025-03-25 00:37:29.346918');
INSERT INTO django_migrations VALUES(21,'staffs','0003_organization_remove_document_recipient_name_and_more','2025-03-25 00:48:26.916121');
INSERT INTO django_migrations VALUES(22,'staffs','0004_document_recipient_name_document_summary','2025-03-25 03:11:51.924098');
INSERT INTO django_migrations VALUES(23,'staffs','0005_document_method','2025-03-25 03:14:22.471267');
INSERT INTO django_migrations VALUES(24,'staffs','0006_document_attachment_document_note_and_more','2025-03-25 07:49:51.541800');
INSERT INTO django_migrations VALUES(25,'staffs','0007_alter_document_options_document_status_change_log_and_more','2025-04-07 20:46:18.178763');
INSERT INTO django_migrations VALUES(26,'staffs','0008_useractionlog','2025-04-07 21:25:02.490763');
INSERT INTO django_migrations VALUES(27,'staffs','0009_notification','2025-04-07 21:52:22.413626');
CREATE TABLE IF NOT EXISTS "django_content_type" ("id" integer NOT NULL PRIMARY KEY AUTOINCREMENT, "app_label" varchar(100) NOT NULL, "model" varchar(100) NOT NULL);
INSERT INTO django_content_type VALUES(1,'admin','logentry');
INSERT INTO django_content_type VALUES(2,'auth','permission');
INSERT INTO django_content_type VALUES(3,'auth','group');
INSERT INTO django_content_type VALUES(4,'contenttypes','contenttype');
INSERT INTO django_content_type VALUES(5,'sessions','session');
INSERT INTO django_content_type VALUES(6,'staffs','user');
INSERT INTO django_content_type VALUES(7,'staffs','index');
INSERT INTO django_content_type VALUES(8,'staffs','userprofile');
INSERT INTO django_content_type VALUES(9,'staffs','document');
INSERT INTO django_content_type VALUES(10,'staffs','organization');
INSERT INTO django_content_type VALUES(11,'staffs','useractionlog');
INSERT INTO django_content_type VALUES(12,'staffs','notification');
CREATE TABLE IF NOT EXISTS "auth_group_permissions" ("id" integer NOT NULL PRIMARY KEY AUTOINCREMENT, "group_id" integer NOT NULL REFERENCES "auth_group" ("id") DEFERRABLE INITIALLY DEFERRED, "permission_id" integer NOT NULL REFERENCES "auth_permission" ("id") DEFERRABLE INITIALLY DEFERRED);
CREATE TABLE IF NOT EXISTS "auth_permission" ("id" integer NOT NULL PRIMARY KEY AUTOINCREMENT, "content_type_id" integer NOT NULL REFERENCES "django_content_type" ("id") DEFERRABLE INITIALLY DEFERRED, "codename" varchar(100) NOT NULL, "name" varchar(255) NOT NULL);
INSERT INTO auth_permission VALUES(1,1,'add_logentry','Can add log entry');
INSERT INTO auth_permission VALUES(2,1,'change_logentry','Can change log entry');
INSERT INTO auth_permission VALUES(3,1,'delete_logentry','Can delete log entry');
INSERT INTO auth_permission VALUES(4,1,'view_logentry','Can view log entry');
INSERT INTO auth_permission VALUES(5,2,'add_permission','Can add permission');
INSERT INTO auth_permission VALUES(6,2,'change_permission','Can change permission');
INSERT INTO auth_permission VALUES(7,2,'delete_permission','Can delete permission');
INSERT INTO auth_permission VALUES(8,2,'view_permission','Can view permission');
INSERT INTO auth_permission VALUES(9,3,'add_group','Can add group');
INSERT INTO auth_permission VALUES(10,3,'change_group','Can change group');
INSERT INTO auth_permission VALUES(11,3,'delete_group','Can delete group');
INSERT INTO auth_permission VALUES(12,3,'view_group','Can view group');
INSERT INTO auth_permission VALUES(13,4,'add_contenttype','Can add content type');
INSERT INTO auth_permission VALUES(14,4,'change_contenttype','Can change content type');
INSERT INTO auth_permission VALUES(15,4,'delete_contenttype','Can delete content type');
INSERT INTO auth_permission VALUES(16,4,'view_contenttype','Can view content type');
INSERT INTO auth_permission VALUES(17,5,'add_session','Can add session');
INSERT INTO auth_permission VALUES(18,5,'change_session','Can change session');
INSERT INTO auth_permission VALUES(19,5,'delete_session','Can delete session');
INSERT INTO auth_permission VALUES(20,5,'view_session','Can view session');
INSERT INTO auth_permission VALUES(21,6,'add_user','Can add user');
INSERT INTO auth_permission VALUES(22,6,'change_user','Can change user');
INSERT INTO auth_permission VALUES(23,6,'delete_user','Can delete user');
INSERT INTO auth_permission VALUES(24,6,'view_user','Can view user');
INSERT INTO auth_permission VALUES(25,7,'add_index','Can add index');
INSERT INTO auth_permission VALUES(26,7,'change_index','Can change index');
INSERT INTO auth_permission VALUES(27,7,'delete_index','Can delete index');
INSERT INTO auth_permission VALUES(28,7,'view_index','Can view index');
INSERT INTO auth_permission VALUES(29,8,'add_userprofile','Can add user profile');
INSERT INTO auth_permission VALUES(30,8,'change_userprofile','Can change user profile');
INSERT INTO auth_permission VALUES(31,8,'delete_userprofile','Can delete user profile');
INSERT INTO auth_permission VALUES(32,8,'view_userprofile','Can view user profile');
INSERT INTO auth_permission VALUES(33,9,'add_document','Can add document');
INSERT INTO auth_permission VALUES(34,9,'change_document','Can change document');
INSERT INTO auth_permission VALUES(35,9,'delete_document','Can delete document');
INSERT INTO auth_permission VALUES(36,9,'view_document','Can view document');
INSERT INTO auth_permission VALUES(37,10,'add_organization','Can add organization');
INSERT INTO auth_permission VALUES(38,10,'change_organization','Can change organization');
INSERT INTO auth_permission VALUES(39,10,'delete_organization','Can delete organization');
INSERT INTO auth_permission VALUES(40,10,'view_organization','Can view organization');
INSERT INTO auth_permission VALUES(41,11,'add_useractionlog','Can add user action log');
INSERT INTO auth_permission VALUES(42,11,'change_useractionlog','Can change user action log');
INSERT INTO auth_permission VALUES(43,11,'delete_useractionlog','Can delete user action log');
INSERT INTO auth_permission VALUES(44,11,'view_useractionlog','Can view user action log');
INSERT INTO auth_permission VALUES(45,12,'add_notification','Can add notification');
INSERT INTO auth_permission VALUES(46,12,'change_notification','Can change notification');
INSERT INTO auth_permission VALUES(47,12,'delete_notification','Can delete notification');
INSERT INTO auth_permission VALUES(48,12,'view_notification','Can view notification');
CREATE TABLE IF NOT EXISTS "auth_group" ("id" integer NOT NULL PRIMARY KEY AUTOINCREMENT, "name" varchar(150) NOT NULL UNIQUE);
CREATE TABLE IF NOT EXISTS "staffs_user_groups" ("id" integer NOT NULL PRIMARY KEY AUTOINCREMENT, "user_id" bigint NOT NULL REFERENCES "staffs_user" ("id") DEFERRABLE INITIALLY DEFERRED, "group_id" integer NOT NULL REFERENCES "auth_group" ("id") DEFERRABLE INITIALLY DEFERRED);
CREATE TABLE IF NOT EXISTS "staffs_user_user_permissions" ("id" integer NOT NULL PRIMARY KEY AUTOINCREMENT, "user_id" bigint NOT NULL REFERENCES "staffs_user" ("id") DEFERRABLE INITIALLY DEFERRED, "permission_id" integer NOT NULL REFERENCES "auth_permission" ("id") DEFERRABLE INITIALLY DEFERRED);
CREATE TABLE IF NOT EXISTS "staffs_index" ("id" integer NOT NULL PRIMARY KEY AUTOINCREMENT, "inverted_index" text NULL);
CREATE TABLE IF NOT EXISTS "staffs_userprofile" ("id" integer NOT NULL PRIMARY KEY AUTOINCREMENT, "user_id" bigint NOT NULL UNIQUE REFERENCES "staffs_user" ("id") DEFERRABLE INITIALLY DEFERRED);
INSERT INTO staffs_userprofile VALUES(2,2);
CREATE TABLE IF NOT EXISTS "django_admin_log" ("id" integer NOT NULL PRIMARY KEY AUTOINCREMENT, "object_id" text NULL, "object_repr" varchar(200) NOT NULL, "action_flag" smallint unsigned NOT NULL CHECK ("action_flag" >= 0), "change_message" text NOT NULL, "content_type_id" integer NULL REFERENCES "django_content_type" ("id") DEFERRABLE INITIALLY DEFERRED, "user_id" bigint NOT NULL REFERENCES "staffs_user" ("id") DEFERRABLE INITIALLY DEFERRED, "action_time" datetime NOT NULL);
INSERT INTO django_admin_log VALUES(2,'1','_',1,'[{"added": {}}]',10,2,'2025-03-25 00:52:01.592565');
INSERT INTO django_admin_log VALUES(3,'1','Primetech',2,'[{"changed": {"fields": ["Name"]}}]',10,2,'2025-03-25 00:52:13.563101');
INSERT INTO django_admin_log VALUES(4,'2','Docsdawd (draft)',2,'[{"changed": {"fields": ["Sender organization", "Recipient organization"]}}]',9,2,'2025-03-25 00:52:21.256322');
INSERT INTO django_admin_log VALUES(5,'1','Docs (draft)',2,'[{"changed": {"fields": ["Sender organization", "Recipient organization"]}}]',9,2,'2025-03-25 00:52:27.102395');
INSERT INTO django_admin_log VALUES(6,'2','admin (Primetech)',2,'[{"changed": {"fields": ["Organization", "Can add user"]}}]',6,2,'2025-03-25 00:54:59.834398');
INSERT INTO django_admin_log VALUES(7,'1','Admin (Primetech)',2,'[{"changed": {"fields": ["Organization"]}}]',6,2,'2025-03-25 00:56:28.129156');
INSERT INTO django_admin_log VALUES(8,'2','Docsdawd (draft)',2,'[]',9,2,'2025-03-25 00:56:42.870362');
INSERT INTO django_admin_log VALUES(9,'1','Docs (draft)',2,'[{"changed": {"fields": ["Recipient"]}}]',9,2,'2025-03-25 00:56:49.491328');
INSERT INTO django_admin_log VALUES(10,'2','Docsdawd (draft)',2,'[{"changed": {"fields": ["Recipient"]}}]',9,2,'2025-03-25 01:02:40.777773');
INSERT INTO django_admin_log VALUES(11,'3','English (sent)',2,'[{"changed": {"fields": ["Document content"]}}]',9,2,'2025-03-25 01:10:59.025110');
INSERT INTO django_admin_log VALUES(12,'3','English (draft)',2,'[{"changed": {"fields": ["Status"]}}]',9,2,'2025-03-25 01:17:21.266873');
INSERT INTO django_admin_log VALUES(13,'2','Docsdawd (draft)',2,'[{"changed": {"fields": ["Date sent"]}}]',9,2,'2025-03-25 01:18:10.366802');
INSERT INTO django_admin_log VALUES(14,'1','Docs (draft)',2,'[{"changed": {"fields": ["Date sent"]}}]',9,2,'2025-03-25 01:18:16.092138');
INSERT INTO django_admin_log VALUES(15,'3','English (draft)',2,'[{"changed": {"fields": ["Document description"]}}]',9,2,'2025-03-25 02:35:11.974801');
INSERT INTO django_admin_log VALUES(16,'3','English (draft)',2,'[{"changed": {"fields": ["Document description"]}}]',9,2,'2025-03-25 02:35:19.299877');
INSERT INTO django_admin_log VALUES(17,'3','English (draft)',2,'[{"changed": {"fields": ["Document content"]}}]',9,2,'2025-03-25 02:40:44.848145');
INSERT INTO django_admin_log VALUES(18,'3','English (archived)',2,'[{"changed": {"fields": ["Status", "Date received"]}}]',9,2,'2025-03-25 02:43:19.785488');
INSERT INTO django_admin_log VALUES(19,'1','Admin (Primetech)',2,'[{"changed": {"fields": ["Role"]}}]',6,2,'2025-04-07 21:22:39.338466');
INSERT INTO django_admin_log VALUES(20,'2','admin (Primetech)',2,'[{"changed": {"fields": ["Role"]}}]',6,2,'2025-04-07 21:24:05.727383');
CREATE TABLE IF NOT EXISTS "django_session" ("session_key" varchar(40) NOT NULL PRIMARY KEY, "session_data" text NOT NULL, "expire_date" datetime NOT NULL);
INSERT INTO django_session VALUES('vvpujgm37whb2j5d39mroho2i1mfgz81','.eJxVjMsOwiAQRf-FtSEMjwFcuu83kOGhVA0kpV0Z_12bdKHbe865LxZoW2vYRlnCnNmZATv9bpHSo7Qd5Du1W-ept3WZI98VftDBp57L83K4fweVRv3WSYuk0ELELAR5b20x8ko6AiQUjjCDASxGOSnJao9aFjROYdYCFTj2_gC_FzZO:1tpOKT:WjpgwwFtO9SmgI5OGLQ9Pnb8HXIavQ422aYktQ8YoDE','2025-03-18 09:12:45.805314');
INSERT INTO django_session VALUES('v5lew46r5n2pnt0abt3iwzqepob4kkmt','.eJxVjMsOwiAQRf-FtSEMjwFcuu83kOGhVA0kpV0Z_12bdKHbe865LxZoW2vYRlnCnNmZATv9bpHSo7Qd5Du1W-ept3WZI98VftDBp57L83K4fweVRv3WSYuk0ELELAR5b20x8ko6AiQUjjCDASxGOSnJao9aFjROYdYCFTj2_gC_FzZO:1tws8z:ycYhyxYP5uxXT5rNDPZpIL9609yU03Y7eFzUbXJNyDU','2025-04-08 00:27:49.245271');
INSERT INTO django_session VALUES('ys1l3ex82cqz99gsom7gvj8mwgfxd6eq','.eJyt2LtupDAAQNF_oY4Av5kp06dLt1pZGNvzyPAIMNmNovx7GCVFUufSYZtLc4SM3wrfXtejvy5p9qdY7AtZ3H0fC233lIbbRDy3w2Esu3FY51Mob0vKr9mlfBhjutx_rf0ROLbLcXu6S7VR0mZjutCIUOsUdnm7U1nIJod0Gwg2OB11vWu6mINOOstONjFZXectGsfu2qdh9cJP7SEtxf5PUb20c5XHS0zzUj2ravdfDKpfz1Kdfd8tq38-vorXF11v12GoHqu1n-Z_bsq2WatbxdflNBy2-u9LAitJrKSwksZKBitZrOSwUoOVdpxMEDmnXHDMBedccNAFJ11w1AVnXXDYBaddctol-E3ntEtOu-S0S0675LRLTrvktEtOu-K0K067ArcwnHbFaVecdsVpV5x2xWlXnHbNadecds1p1-COndOuOe2a06457ZrTrjnthtNuOO2G02447Qb8QeW0G0674bQbTrvhtFtOu-W0W0675bRbTrsFz2M47ZbTbjntltPuOO2O0-447Y7T7jjtjtPuPrX__XEyvaZ-8vE0F_tfvaF4_wCl7_Fa:1twu05:82_ZWuI18IoRsiaGbUkLahbpEetgB7lPW5KibA0HEJ4','2025-04-08 02:26:45.675174');
INSERT INTO django_session VALUES('lax50wua6emih01vf3m9vb0neko1u0hj','.eJxVjMEOwiAQRP-FsyGULkg9evcbCAu7UjWQlPZk_HdL0oMe582beQsftjX7rdHi5yQuQovTL8MQn1R6kR6h3KuMtazLjLIr8mibvNVEr-vh_h3k0PK-jqTMqC0bE9ENqIBw4j2NPGjHSB2gxTMkUJOLiREIWEftEllQLD5f-3E4xA:1twtnh:Wto0o75H1kKK4RcUSXG6xmlRf1Td9z-qUNB6VLSMZcU','2025-04-08 02:13:57.338873');
INSERT INTO django_session VALUES('0mtafsd98wlrf9y0eumvijvlcntqs0sj','.eJxVjMsOwiAQRf-FtSEMjwFcuu83kOGhVA0kpV0Z_12bdKHbe865LxZoW2vYRlnCnNmZATv9bpHSo7Qd5Du1W-ept3WZI98VftDBp57L83K4fweVRv3WSYuk0ELELAR5b20x8ko6AiQUjjCDASxGOSnJao9aFjROYdYCFTj2_gC_FzZO:1u0e12:6HotuKqMJ8xYCaYauk-QOQxYZiDuvYSVJ_BWby2GM0o','2025-04-18 10:11:12.482650');
INSERT INTO django_session VALUES('cnzhykxjwsks5un5nku7g60fxlnv0pjo','.eJxVjMEOwiAQRP-FsyGULkg9evcbCAu7UjWQlPZk_HdL0oMe582beQsftjX7rdHi5yQuQovTL8MQn1R6kR6h3KuMtazLjLIr8mibvNVEr-vh_h3k0PK-jqTMqC0bE9ENqIBw4j2NPGjHSB2gxTMkUJOLiREIWEftEllQLD5f-3E4xA:1u1q9v:LG3SXoSs4ol9NA0T5MAH-8OPG32PT4FjEEKOGl1-LSA','2025-04-21 17:21:19.515554');
CREATE TABLE IF NOT EXISTS "staffs_user" ("id" integer NOT NULL PRIMARY KEY AUTOINCREMENT, "password" varchar(128) NOT NULL, "last_login" datetime NULL, "is_superuser" bool NOT NULL, "username" varchar(150) NOT NULL UNIQUE, "first_name" varchar(150) NOT NULL, "last_name" varchar(150) NOT NULL, "email" varchar(254) NOT NULL, "is_staff" bool NOT NULL, "is_active" bool NOT NULL, "date_joined" datetime NOT NULL, "can_add_user" bool NOT NULL, "role" varchar(20) NOT NULL, "organization_id" bigint NULL REFERENCES "staffs_organization" ("id") DEFERRABLE INITIALLY DEFERRED);
INSERT INTO staffs_user VALUES(2,'pbkdf2_sha256$870000$U96D6PYfs7vu4pAXM3R3DJ$YQYvjjCuV65zPG/sDFzsNx3uFG6aBbHBLxRvkrKTceo=','2025-04-07 17:21:19',1,'admin','','','',1,1,'2025-03-25 00:50:44',1,'admin',1);
CREATE TABLE IF NOT EXISTS "staffs_organization" ("id" integer NOT NULL PRIMARY KEY AUTOINCREMENT, "name" varchar(100) NOT NULL UNIQUE, "is_prime_tech" bool NOT NULL);
INSERT INTO staffs_organization VALUES(1,'Primetech',1);
CREATE TABLE IF NOT EXISTS "staffs_document" ("id" integer NOT NULL PRIMARY KEY AUTOINCREMENT, "document_name" varchar(255) NOT NULL, "document_description" text NULL, "date_sent" datetime NULL, "document_content" varchar(100) NULL, "recipient_id" bigint NULL REFERENCES "staffs_user" ("id") DEFERRABLE INITIALLY DEFERRED, "sender_id" bigint NOT NULL REFERENCES "staffs_userprofile" ("id") DEFERRABLE INITIALLY DEFERRED, "date_created" datetime NOT NULL, "date_received" datetime NULL, "status" varchar(20) NOT NULL, "recipient_organization_id" bigint NULL REFERENCES "staffs_organization" ("id") DEFERRABLE INITIALLY DEFERRED, "recipient_name" varchar(255) NULL, "summary" text NULL, "method" varchar(50) NULL, "attachment" varchar(255) NULL, "note" varchar(255) NULL, "page_count" integer NOT NULL, "status_change_log" text NULL, "sender_organization_id" bigint NOT NULL REFERENCES "staffs_organization" ("id") DEFERRABLE INITIALLY DEFERRED);
INSERT INTO staffs_document VALUES(5,'Docs','вджцфадцфл афдал','2025-04-07 17:45:59.055122','static/files/Федотов_ПР9_2.docx',2,2,'2025-04-07 17:45:59.055301','2025-04-07 17:48:53.032214','received',1,'','вцф дла фца дфца',NULL,NULL,NULL,1,NULL,1);
CREATE TABLE IF NOT EXISTS "staffs_useractionlog" ("id" integer NOT NULL PRIMARY KEY AUTOINCREMENT, "action_type" varchar(20) NOT NULL, "details" text NOT NULL, "timestamp" datetime NOT NULL, "performed_by_id" bigint NULL REFERENCES "staffs_user" ("id") DEFERRABLE INITIALLY DEFERRED, "user_id" bigint NULL REFERENCES "staffs_user" ("id") DEFERRABLE INITIALLY DEFERRED);
INSERT INTO staffs_useractionlog VALUES(1,'delete','User deleted','2025-04-07 23:46:00.104740',2,NULL);
CREATE TABLE IF NOT EXISTS "staffs_notification" ("id" integer NOT NULL PRIMARY KEY AUTOINCREMENT, "message" text NOT NULL, "created_at" datetime NOT NULL, "is_read" bool NOT NULL, "user_id" bigint NOT NULL REFERENCES "staffs_user" ("id") DEFERRABLE INITIALLY DEFERRED);
DELETE FROM sqlite_sequence;
INSERT INTO sqlite_sequence VALUES('django_migrations',27);
INSERT INTO sqlite_sequence VALUES('django_content_type',12);
INSERT INTO sqlite_sequence VALUES('auth_permission',48);
INSERT INTO sqlite_sequence VALUES('auth_group',0);
INSERT INTO sqlite_sequence VALUES('django_admin_log',20);
INSERT INTO sqlite_sequence VALUES('staffs_userprofile',2);
INSERT INTO sqlite_sequence VALUES('staffs_user',2);
INSERT INTO sqlite_sequence VALUES('staffs_organization',1);
INSERT INTO sqlite_sequence VALUES('staffs_document',5);
INSERT INTO sqlite_sequence VALUES('staffs_useractionlog',1);
CREATE UNIQUE INDEX "django_content_type_app_label_model_76bd3d3b_uniq" ON "django_content_type" ("app_label", "model");
CREATE UNIQUE INDEX "auth_group_permissions_group_id_permission_id_0cd325b0_uniq" ON "auth_group_permissions" ("group_id", "permission_id");
CREATE INDEX "auth_group_permissions_group_id_b120cbf9" ON "auth_group_permissions" ("group_id");
CREATE INDEX "auth_group_permissions_permission_id_84c5c92e" ON "auth_group_permissions" ("permission_id");
CREATE UNIQUE INDEX "auth_permission_content_type_id_codename_01ab375a_uniq" ON "auth_permission" ("content_type_id", "codename");
CREATE INDEX "auth_permission_content_type_id_2f476e4b" ON "auth_permission" ("content_type_id");
CREATE UNIQUE INDEX "staffs_user_groups_user_id_group_id_58498803_uniq" ON "staffs_user_groups" ("user_id", "group_id");
CREATE INDEX "staffs_user_groups_user_id_9f22fac1" ON "staffs_user_groups" ("user_id");
CREATE INDEX "staffs_user_groups_group_id_a11c1728" ON "staffs_user_groups" ("group_id");
CREATE UNIQUE INDEX "staffs_user_user_permissions_user_id_permission_id_7da12155_uniq" ON "staffs_user_user_permissions" ("user_id", "permission_id");
CREATE INDEX "staffs_user_user_permissions_user_id_d3b880bd" ON "staffs_user_user_permissions" ("user_id");
CREATE INDEX "staffs_user_user_permissions_permission_id_6892ff15" ON "staffs_user_user_permissions" ("permission_id");
CREATE INDEX "django_admin_log_content_type_id_c4bce8eb" ON "django_admin_log" ("content_type_id");
CREATE INDEX "django_admin_log_user_id_c564eba6" ON "django_admin_log" ("user_id");
CREATE INDEX "django_session_expire_date_a5c62663" ON "django_session" ("expire_date");
CREATE INDEX "staffs_user_organization_id_442969ce" ON "staffs_user" ("organization_id");
CREATE INDEX "staffs_document_recipient_id_e469530d" ON "staffs_document" ("recipient_id");
CREATE INDEX "staffs_document_sender_id_e5139c01" ON "staffs_document" ("sender_id");
CREATE INDEX "staffs_document_recipient_organization_id_f620e434" ON "staffs_document" ("recipient_organization_id");
CREATE INDEX "staffs_document_sender_organization_id_d02b0efe" ON "staffs_document" ("sender_organization_id");
CREATE INDEX "staffs_useractionlog_performed_by_id_e60400ba" ON "staffs_useractionlog" ("performed_by_id");
CREATE INDEX "staffs_useractionlog_user_id_ae33a06d" ON "staffs_useractionlog" ("user_id");
CREATE INDEX "staffs_notification_user_id_b70800e8" ON "staffs_notification" ("user_id");
COMMIT;
